<?xml version="1.0" encoding="UTF-8"?><InteractionHistory Id="local-1" Version="1"><InteractionEvent Delta="null" EndDate="2012-05-24 21:00:55.583 MST" Interest="2.0" Kind="selection" Navigation="null" OriginId="org.eclipse.jdt.ui.CompilationUnitEditor" StartDate="2012-05-24 21:00:48.359 MST" StructureHandle="=NeedLoginPlugin/src&amp;lt;me.duper51.needloginplugin{NeedLoginMain.java[NeedLoginMain^playerListener" StructureKind="java" NumEvents="2" CreationCount="41"/><InteractionEvent Delta="null" EndDate="2012-05-24 21:02:37.404 MST" Interest="3.0" Kind="edit" Navigation="null" OriginId="org.eclipse.jdt.ui.CompilationUnitEditor" StartDate="2012-05-24 21:00:51.138 MST" StructureHandle="=NeedLoginPlugin/src&amp;lt;me.duper51.needloginplugin{NeedLoginMain.java[NeedLoginMain^playerListener" StructureKind="java" NumEvents="3" CreationCount="41"/><InteractionEvent Delta="null" EndDate="2012-05-24 21:24:09.669 MST" Interest="302.0" Kind="propagation" Navigation="org.eclipse.mylyn.core.model.edges.containment" OriginId="org.eclipse.mylyn.core.model.interest.propagation" StartDate="2012-05-24 20:58:42.515 MST" StructureHandle="/NeedLoginPlugin/src/me/duper51" StructureKind="resource" NumEvents="302" CreationCount="1"/><InteractionEvent Delta="null" EndDate="2012-05-24 21:17:54.707 MST" Interest="7.0" Kind="selection" Navigation="null" OriginId="org.eclipse.jdt.ui.CompilationUnitEditor" StartDate="2012-05-24 20:58:42.512 MST" StructureHandle="=NeedLoginPlugin/src&amp;lt;me.duper51.needloginplugin{NeedLoginMain.java" StructureKind="java" NumEvents="7" CreationCount="1"/><InteractionEvent Delta="null" EndDate="2012-05-24 21:13:35.129 MST" Interest="57.620995" Kind="propagation" Navigation="org.eclipse.mylyn.core.model.edges.containment" OriginId="org.eclipse.mylyn.core.model.interest.propagation" StartDate="2012-05-24 20:58:42.602 MST" StructureHandle="=NeedLoginPlugin/src&amp;lt;me.duper51.needloginplugin{NeedLoginMain.java" StructureKind="java" NumEvents="83" CreationCount="1"/><InteractionEvent Delta="null" EndDate="2012-05-24 21:17:57.535 MST" Interest="12.0" Kind="edit" Navigation="null" OriginId="org.eclipse.jdt.ui.CompilationUnitEditor" StartDate="2012-05-24 21:03:55.991 MST" StructureHandle="=NeedLoginPlugin/src&amp;lt;me.duper51.needloginplugin{NeedLoginMain.java" StructureKind="java" NumEvents="12" CreationCount="1"/><InteractionEvent Delta="null" EndDate="2012-05-24 21:24:09.669 MST" Interest="302.0" Kind="propagation" Navigation="org.eclipse.mylyn.core.model.edges.containment" OriginId="org.eclipse.mylyn.core.model.interest.propagation" StartDate="2012-05-24 20:58:42.515 MST" StructureHandle="/NeedLoginPlugin/src" StructureKind="resource" NumEvents="302" CreationCount="1"/><InteractionEvent Delta="null" EndDate="2012-05-24 21:17:57.536 MST" Interest="73.020996" Kind="propagation" Navigation="org.eclipse.mylyn.core.model.edges.containment" OriginId="org.eclipse.mylyn.core.model.interest.propagation" StartDate="2012-05-24 20:58:42.516 MST" StructureHandle="=NeedLoginPlugin/src" StructureKind="java" NumEvents="105" CreationCount="1"/><InteractionEvent Delta="null" EndDate="2012-05-24 21:08:04.116 MST" Interest="1.0" Kind="selection" Navigation="null" OriginId="org.eclipse.jdt.ui.CompilationUnitEditor" StartDate="2012-05-24 21:08:04.116 MST" StructureHandle="=NeedLoginPlugin/src&amp;lt;me.duper51.needloginplugin{NeedLoginMain.java[NeedLoginMain^debu" StructureKind="java"/><InteractionEvent Delta="null" EndDate="2012-05-24 21:08:39.136 MST" Interest="15.0" Kind="edit" Navigation="null" OriginId="org.eclipse.jdt.ui.CompilationUnitEditor" StartDate="2012-05-24 21:08:07.813 MST" StructureHandle="=NeedLoginPlugin/src&amp;lt;me.duper51.needloginplugin{NeedLoginMain.java[NeedLoginMain^debugees" StructureKind="java" NumEvents="15" CreationCount="124"/><InteractionEvent Delta="null" EndDate="2012-05-24 21:24:09.669 MST" Interest="302.0" Kind="propagation" Navigation="null" OriginId="org.eclipse.jdt.ui.CompilationUnitEditor" StartDate="2012-05-24 20:58:42.514 MST" StructureHandle="/NeedLoginPlugin/src/me/duper51/needloginplugin/NeedLoginMain.java" StructureKind="resource" NumEvents="302" CreationCount="1"/><InteractionEvent Delta="null" EndDate="2012-05-24 21:07:04.721 MST" Interest="6.0" Kind="selection" Navigation="null" OriginId="org.eclipse.jdt.ui.CompilationUnitEditor" StartDate="2012-05-24 21:03:26.617 MST" StructureHandle="=NeedLoginPlugin/src&amp;lt;me.duper51.needloginplugin{NeedLoginMain.java[NeedLoginMain^basicUsers" StructureKind="java" NumEvents="6" CreationCount="68"/><InteractionEvent Delta="null" EndDate="2012-05-24 21:07:00.704 MST" Interest="12.0" Kind="edit" Navigation="null" OriginId="org.eclipse.jdt.ui.CompilationUnitEditor" StartDate="2012-05-24 21:03:31.249 MST" StructureHandle="=NeedLoginPlugin/src&amp;lt;me.duper51.needloginplugin{NeedLoginMain.java[NeedLoginMain^basicUsers" StructureKind="java" NumEvents="12" CreationCount="68"/><InteractionEvent Delta="null" EndDate="2012-05-24 21:24:09.669 MST" Interest="302.0" Kind="propagation" Navigation="org.eclipse.mylyn.core.model.edges.containment" OriginId="org.eclipse.mylyn.core.model.interest.propagation" StartDate="2012-05-24 20:58:42.515 MST" StructureHandle="=NeedLoginPlugin" StructureKind="resource" NumEvents="302" CreationCount="1"/><InteractionEvent Delta="null" EndDate="2012-05-24 21:24:09.669 MST" Interest="302.0" Kind="propagation" Navigation="org.eclipse.mylyn.core.model.edges.containment" OriginId="org.eclipse.mylyn.core.model.interest.propagation" StartDate="2012-05-24 20:58:42.515 MST" StructureHandle="/NeedLoginPlugin/src/me" StructureKind="resource" NumEvents="302" CreationCount="1"/><InteractionEvent Delta="null" EndDate="2012-05-24 21:24:09.669 MST" Interest="302.0" Kind="propagation" Navigation="org.eclipse.mylyn.core.model.edges.containment" OriginId="org.eclipse.mylyn.core.model.interest.propagation" StartDate="2012-05-24 20:58:42.515 MST" StructureHandle="/" StructureKind="resource" NumEvents="302" CreationCount="1"/><InteractionEvent Delta="null" EndDate="2012-05-24 21:06:16.242 MST" Interest="11.0" Kind="selection" Navigation="null" OriginId="org.eclipse.jdt.ui.CompilationUnitEditor" StartDate="2012-05-24 20:59:42.540 MST" StructureHandle="=NeedLoginPlugin/src&amp;lt;me.duper51.needloginplugin{NeedLoginMain.java[NeedLoginMain^blockListener" StructureKind="java" NumEvents="11" CreationCount="14"/><InteractionEvent Delta="null" EndDate="2012-05-24 21:06:49.201 MST" Interest="20.0" Kind="edit" Navigation="null" OriginId="org.eclipse.jdt.ui.CompilationUnitEditor" StartDate="2012-05-24 21:00:02.737 MST" StructureHandle="=NeedLoginPlugin/src&amp;lt;me.duper51.needloginplugin{NeedLoginMain.java[NeedLoginMain^blockListener" StructureKind="java" NumEvents="20" CreationCount="14"/><InteractionEvent Delta="null" EndDate="2012-05-24 21:13:20.201 MST" Interest="17.0" Kind="selection" Navigation="null" OriginId="org.eclipse.jdt.ui.CompilationUnitEditor" StartDate="2012-05-24 20:58:42.601 MST" StructureHandle="=NeedLoginPlugin/src&amp;lt;me.duper51.needloginplugin{NeedLoginMain.java[NeedLoginMain" StructureKind="java" NumEvents="17" CreationCount="2"/><InteractionEvent Delta="null" EndDate="2012-05-24 21:00:54.131 MST" Interest="3.9039993" Kind="propagation" Navigation="org.eclipse.mylyn.core.model.edges.containment" OriginId="org.eclipse.mylyn.core.model.interest.propagation" StartDate="2012-05-24 21:00:34.827 MST" StructureHandle="=NeedLoginPlugin/src&amp;lt;me.duper51.needloginplugin{NeedLoginMain.java[NeedLoginMain" StructureKind="java" NumEvents="5" CreationCount="2"/><InteractionEvent Delta="null" EndDate="2012-05-24 21:13:35.128 MST" Interest="72.0" Kind="edit" Navigation="null" OriginId="org.eclipse.jdt.ui.CompilationUnitEditor" StartDate="2012-05-24 20:58:51.819 MST" StructureHandle="=NeedLoginPlugin/src&amp;lt;me.duper51.needloginplugin{NeedLoginMain.java[NeedLoginMain" StructureKind="java" NumEvents="72" CreationCount="2"/><InteractionEvent Delta="null" EndDate="2012-05-24 21:24:09.669 MST" Interest="302.0" Kind="propagation" Navigation="org.eclipse.mylyn.core.model.edges.containment" OriginId="org.eclipse.mylyn.core.model.interest.propagation" StartDate="2012-05-24 20:58:42.514 MST" StructureHandle="/NeedLoginPlugin/src/me/duper51/needloginplugin" StructureKind="resource" NumEvents="302" CreationCount="1"/><InteractionEvent Delta="null" EndDate="2012-05-24 21:17:57.536 MST" Interest="73.020996" Kind="propagation" Navigation="org.eclipse.mylyn.core.model.edges.containment" OriginId="org.eclipse.mylyn.core.model.interest.propagation" StartDate="2012-05-24 20:58:42.515 MST" StructureHandle="=NeedLoginPlugin/src&amp;lt;me.duper51.needloginplugin" StructureKind="java" NumEvents="109" CreationCount="1"/><InteractionEvent Delta="null" EndDate="2012-05-24 21:24:09.669 MST" Interest="2.0" Kind="propagation" Navigation="org.eclipse.mylyn.core.model.edges.containment" OriginId="org.eclipse.mylyn.core.model.interest.propagation" StartDate="2012-05-24 21:15:58.965 MST" StructureHandle="=NeedLoginPlugin/src&amp;lt;me.duper51.needloginplugin{NeedLoginMain.java#" StructureKind="java" NumEvents="2" CreationCount="259"/><InteractionEvent Delta="null" EndDate="2012-05-24 21:17:59.312 MST" Interest="5.0" Kind="selection" Navigation="null" OriginId="org.eclipse.jdt.ui.CompilationUnitEditor" StartDate="2012-05-24 21:12:25.419 MST" StructureHandle="=NeedLoginPlugin/src&amp;lt;me.duper51.needloginplugin{NeedLoginMain.java[NeedLoginMain~onEnable" StructureKind="java" NumEvents="5" CreationCount="188"/><InteractionEvent Delta="null" EndDate="2012-05-24 21:22:54.9 MST" Interest="86.0" Kind="edit" Navigation="null" OriginId="org.eclipse.jdt.ui.CompilationUnitEditor" StartDate="2012-05-24 21:12:30.905 MST" StructureHandle="=NeedLoginPlugin/src&amp;lt;me.duper51.needloginplugin{NeedLoginMain.java[NeedLoginMain~onEnable" StructureKind="java" NumEvents="86" CreationCount="188"/><InteractionEvent Delta="null" EndDate="2012-05-24 21:24:05.264 MST" Interest="11.0" Kind="selection" Navigation="null" OriginId="org.eclipse.jdt.ui.CompilationUnitEditor" StartDate="2012-05-24 21:10:51.69 MST" StructureHandle="=NeedLoginPlugin/src&amp;lt;me.duper51.needloginplugin{NeedLoginMain.java[NeedLoginMain~onDisable" StructureKind="java" NumEvents="11" CreationCount="163"/><InteractionEvent Delta="null" EndDate="2012-05-24 21:12:54.465 MST" Interest="8.0" Kind="edit" Navigation="null" OriginId="org.eclipse.jdt.ui.CompilationUnitEditor" StartDate="2012-05-24 21:10:52.518 MST" StructureHandle="=NeedLoginPlugin/src&amp;lt;me.duper51.needloginplugin{NeedLoginMain.java[NeedLoginMain~onDisable" StructureKind="java" NumEvents="8" CreationCount="163"/><InteractionEvent Delta="null" EndDate="2012-05-24 21:24:09.668 MST" Interest="2.0" Kind="selection" Navigation="null" OriginId="org.eclipse.jdt.ui.CompilationUnitEditor" StartDate="2012-05-24 21:15:58.964 MST" StructureHandle="=NeedLoginPlugin/src&amp;lt;me.duper51.needloginplugin{NeedLoginMain.java#org.bukkit.entity.Player" StructureKind="java" NumEvents="2" CreationCount="259"/></InteractionHistory>